1	1.5	2.0	0,0	corner	1	primary
2	6.5	2.0	0,1	edge	2	primary
3	11.5	2.0	0,2	edge	3	primary
4	16.5	2.0	0,3	corner	4	primary
5	1.5	7.0	1,0	edge	5	primary
6	6.5	7.0	1,1	interior	6	primary
7	11.5	7.0	1,2	interior	7	primary
8	16.5	7.0	1,3	edge	8	primary
9	1.5	12.0	2,0	edge	9	primary
10	6.5	12.0	2,1	interior	10	primary
11	11.5	12.0	2,2	interior	11	primary
12	16.5	12.0	2,3	edge	12	primary
13	1.5	17.0	3,0	corner	13	primary
14	6.5	17.0	3,1	edge	14	primary
15	11.5	17.0	3,2	edge	15	primary
16	16.5	17.0	3,3	corner	16	primary
17	3.5	3.0	0,0	corner	1	repeat
18	18.5	3.0	0,3	corner	4	repeat
19	3.5	18.0	3,0	corner	13	repeat
20	18.5	18.0	3,3	corner	16	repeat
